season,episode_number,air_date,count
1,1,2014-02-17T23:30:00-08:00,0
1,2,2014-02-18T23:30:00-08:00,0
1,3,2014-02-19T00:00:00-08:00,0
1,4,2014-02-20T00:00:00-08:00,0
1,5,2014-02-21T00:00:00-08:00,0
1,6,2014-02-24T23:35:00-08:00,0
1,7,2014-02-25T23:35:00-08:00,0
1,8,2014-02-26T23:35:00-08:00,0
1,9,2014-02-27T23:35:00-08:00,0
1,10,2014-02-28T23:35:00-08:00,0
1,11,2014-03-03T00:00:00-08:00,0
1,12,2014-03-04T00:00:00-08:00,0
1,13,2014-03-05T00:00:00-08:00,0
1,15,2014-03-07T00:00:00-08:00,4
1,16,2014-03-10T00:00:00-07:00,0
1,17,2014-03-11T00:00:00-07:00,0
1,18,2014-03-12T00:00:00-07:00,0
1,19,2014-03-13T00:00:00-07:00,0
1,20,2014-03-14T00:00:00-07:00,0
1,21,2014-03-17T00:00:00-07:00,0
1,22,2014-03-18T00:00:00-07:00,0
1,23,2014-03-19T00:00:00-07:00,0
1,24,2014-03-20T00:00:00-07:00,0
1,25,2014-03-21T00:00:00-07:00,0
1,26,2014-03-24T00:00:00-07:00,0
1,27,2014-03-25T00:00:00-07:00,0
1,28,2014-03-26T00:00:00-07:00,0
1,29,2014-03-27T00:00:00-07:00,0
1,30,2014-03-28T00:00:00-07:00,0
1,31,2014-03-31T00:00:00-07:00,0
1,32,2014-04-01T00:00:00-07:00,0
1,33,2014-04-02T00:00:00-07:00,0
1,34,2014-04-03T00:00:00-07:00,0
1,35,2014-04-04T00:00:00-07:00,0
1,36,2014-04-07T00:00:00-07:00,0
1,37,2014-04-08T00:00:00-07:00,0
1,38,2014-04-09T00:00:00-07:00,0
1,39,2014-04-10T00:00:00-07:00,0
1,40,2014-04-11T00:00:00-07:00,0
1,41,2014-04-21T00:00:00-07:00,0
1,42,2014-04-22T00:00:00-07:00,0
1,43,2014-04-23T00:00:00-07:00,0
1,44,2014-04-24T00:00:00-07:00,0
1,45,2014-04-25T00:00:00-07:00,0
1,46,2014-04-28T00:00:00-07:00,0
1,47,2014-04-29T00:00:00-07:00,0
1,48,2014-04-30T00:00:00-07:00,0
1,49,2014-05-01T00:00:00-07:00,0
1,50,2014-05-02T00:00:00-07:00,0
1,51,2014-05-05T00:00:00-07:00,0
1,52,2014-05-06T00:00:00-07:00,0
1,53,2014-05-07T00:00:00-07:00,0
1,54,2014-05-08T00:00:00-07:00,0
1,55,2014-05-09T00:00:00-07:00,0
1,56,2014-05-12T00:00:00-07:00,0
1,57,2014-05-13T00:00:00-07:00,0
1,58,2014-05-14T00:00:00-07:00,0
1,59,2014-05-15T00:00:00-07:00,0
1,60,2014-05-16T00:00:00-07:00,0
1,61,2014-05-19T00:00:00-07:00,0
1,62,2014-05-20T00:00:00-07:00,0
1,63,2014-05-21T00:00:00-07:00,0
1,64,2014-05-22T00:00:00-07:00,0
1,65,2014-05-23T00:00:00-07:00,0
1,66,2014-06-02T00:00:00-07:00,0
1,67,2014-06-03T00:00:00-07:00,1
1,68,2014-06-04T00:00:00-07:00,0
1,69,2014-06-05T00:00:00-07:00,0
1,70,2014-06-06T00:00:00-07:00,0
1,71,2014-06-09T00:00:00-07:00,2
1,72,2014-06-10T00:00:00-07:00,0
1,73,2014-06-11T00:00:00-07:00,0
1,74,2014-06-12T00:00:00-07:00,0
1,75,2014-06-13T00:00:00-07:00,0
1,76,2014-06-16T00:00:00-07:00,0
1,77,2014-06-17T00:00:00-07:00,0
1,78,2014-06-18T00:00:00-07:00,0
1,79,2014-06-19T00:00:00-07:00,0
1,80,2014-07-07T00:00:00-07:00,0
1,81,2014-07-08T00:00:00-07:00,0
1,82,2014-07-09T00:00:00-07:00,0
1,83,2014-07-10T00:00:00-07:00,0
1,84,2014-07-11T00:00:00-07:00,0
1,85,2014-07-14T00:00:00-07:00,0
1,86,2014-07-15T00:00:00-07:00,0
1,87,2014-07-16T00:00:00-07:00,0
1,88,2014-07-17T00:00:00-07:00,0
1,89,2014-07-18T00:00:00-07:00,0
1,90,2014-07-21T00:00:00-07:00,0
1,91,2014-07-22T00:00:00-07:00,0
1,92,2014-07-23T00:00:00-07:00,0
1,93,2014-07-24T00:00:00-07:00,0
1,94,2014-07-25T00:00:00-07:00,0
1,95,2014-07-28T00:00:00-07:00,0
1,96,2014-07-29T00:00:00-07:00,0
1,97,2014-07-30T00:00:00-07:00,2
1,98,2014-07-31T00:00:00-07:00,0
1,99,2014-08-01T00:00:00-07:00,0
1,100,2014-08-04T00:00:00-07:00,1
1,101,2014-08-05T00:00:00-07:00,0
1,102,2014-08-06T00:00:00-07:00,0
1,103,2014-08-07T00:00:00-07:00,0
1,104,2014-08-08T00:00:00-07:00,2
1,105,2014-08-11T00:00:00-07:00,0
1,106,2014-08-12T00:00:00-07:00,0
1,107,2014-08-13T00:00:00-07:00,0
1,108,2014-08-14T00:00:00-07:00,0
1,109,2014-08-15T00:00:00-07:00,0
1,110,2014-08-18T00:00:00-07:00,0
1,111,2014-08-19T00:00:00-07:00,0
1,112,2014-08-20T00:00:00-07:00,0
1,113,2014-08-21T00:00:00-07:00,0
1,114,2014-08-22T00:00:00-07:00,0
1,115,2014-09-02T00:00:00-07:00,0
1,117,2014-09-04T00:00:00-07:00,0
1,118,2014-09-05T00:00:00-07:00,0
1,119,2014-09-08T00:00:00-07:00,0
1,120,2014-09-09T00:00:00-07:00,0
1,116,2014-09-03T00:00:00-07:00,2
1,121,2014-09-10T00:00:00-07:00,0
1,122,2014-09-11T00:00:00-07:00,0
1,123,2014-09-12T00:00:00-07:00,0
1,124,2014-09-15T00:00:00-07:00,0
1,125,2014-09-16T00:00:00-07:00,0
1,126,2014-09-17T00:00:00-07:00,0
1,127,2014-09-18T00:00:00-07:00,1
1,128,2014-09-19T00:00:00-07:00,0
2,1,2014-09-22T00:00:00-07:00,0
2,2,2014-09-23T00:00:00-07:00,0
2,3,2014-09-24T00:00:00-07:00,0
2,4,2014-09-25T00:00:00-07:00,0
2,5,2014-09-26T00:00:00-07:00,0
2,6,2014-09-29T00:00:00-07:00,0
2,7,2014-09-30T00:00:00-07:00,0
2,8,2014-10-01T00:00:00-07:00,0
2,9,2014-10-02T00:00:00-07:00,1
2,10,2014-10-03T00:00:00-07:00,1
2,11,2014-10-06T00:00:00-07:00,0
2,12,2014-10-07T00:00:00-07:00,0
2,13,2014-10-08T00:00:00-07:00,0
2,14,2014-10-09T00:00:00-07:00,0
2,15,2014-10-10T00:00:00-07:00,0
2,16,2014-10-13T00:00:00-07:00,0
2,17,2014-10-14T00:00:00-07:00,0
2,18,2014-10-15T00:00:00-07:00,0
2,20,2014-10-17T00:00:00-07:00,0
2,21,2014-10-27T00:00:00-07:00,0
2,22,2014-10-28T00:00:00-07:00,1
2,23,2014-10-29T00:00:00-07:00,1
2,24,2014-10-30T00:00:00-07:00,0
2,25,2014-10-31T00:00:00-07:00,0
2,26,2014-11-03T00:00:00-08:00,0
2,27,2014-11-04T00:00:00-08:00,0
2,28,2014-11-05T00:00:00-08:00,2
2,29,2014-11-06T00:00:00-08:00,0
2,30,2014-11-07T00:00:00-08:00,0
2,31,2014-11-10T00:00:00-08:00,0
2,32,2014-11-11T00:00:00-08:00,0
2,33,2014-11-12T00:00:00-08:00,0
2,34,2014-11-13T00:00:00-08:00,0
2,35,2014-11-14T00:00:00-08:00,0
2,36,2014-11-17T00:00:00-08:00,0
2,37,2014-11-18T00:00:00-08:00,0
2,38,2014-11-19T00:00:00-08:00,0
2,39,2014-11-20T00:00:00-08:00,0
2,40,2014-11-21T00:00:00-08:00,0
2,41,2014-11-24T00:00:00-08:00,0
2,42,2014-11-25T00:00:00-08:00,0
2,43,2014-11-26T00:00:00-08:00,0
2,44,2014-11-27T03:35:00-08:00,0
2,45,2014-12-01T00:00:00-08:00,0
2,46,2014-12-02T00:00:00-08:00,0
2,47,2014-12-08T00:00:00-08:00,0
2,48,2014-12-09T00:00:00-08:00,0
2,49,2014-12-10T00:00:00-08:00,0
2,50,2014-12-11T00:00:00-08:00,0
2,51,2014-12-12T00:00:00-08:00,0
2,52,2014-12-15T00:00:00-08:00,0
2,53,2014-12-16T00:00:00-08:00,0
2,54,2014-12-17T00:00:00-08:00,0
2,55,2014-12-18T00:00:00-08:00,1
2,56,2014-12-19T00:00:00-08:00,0
2,57,2014-12-22T00:00:00-08:00,0
2,58,2014-12-23T00:00:00-08:00,0
2,59,2015-01-05T00:00:00-08:00,0
2,60,2015-01-06T00:00:00-08:00,0
2,61,2015-01-07T00:00:00-08:00,0
2,62,2015-01-08T00:00:00-08:00,0
2,63,2015-01-09T00:00:00-08:00,0
2,64,2015-01-12T00:00:00-08:00,2
2,65,2015-01-13T00:00:00-08:00,0
2,66,2015-01-14T00:00:00-08:00,1
2,67,2015-01-15T00:00:00-08:00,0
2,68,2015-01-16T00:00:00-08:00,0
2,69,2015-01-19T00:00:00-08:00,0
2,70,2015-01-20T00:00:00-08:00,0
2,71,2015-01-21T00:00:00-08:00,0
2,72,2015-01-22T00:00:00-08:00,0
2,73,2015-01-23T00:00:00-08:00,0
2,74,2015-02-01T00:00:00-08:00,0
2,75,2015-02-02T00:00:00-08:00,0
2,76,2015-02-03T00:00:00-08:00,0
2,77,2015-02-04T00:00:00-08:00,0
2,78,2015-02-05T00:00:00-08:00,0
2,79,2015-02-09T00:00:00-08:00,0
2,80,2015-02-10T00:00:00-08:00,0
2,81,2015-02-11T00:00:00-08:00,0
2,82,2015-02-12T00:00:00-08:00,0
2,83,2015-02-13T00:00:00-08:00,0
2,84,2015-02-16T00:00:00-08:00,0
2,85,2015-02-17T00:00:00-08:00,0
2,86,2015-02-18T00:00:00-08:00,0
2,87,2015-02-19T00:00:00-08:00,0
2,88,2015-02-20T00:00:00-08:00,0
2,89,2015-02-23T00:00:00-08:00,0
2,90,2015-02-24T00:00:00-08:00,0
2,91,2015-02-25T00:00:00-08:00,0
2,92,2015-02-26T00:00:00-08:00,0
2,93,2015-02-27T00:00:00-08:00,0
2,94,2015-03-02T00:00:00-08:00,0
2,95,2015-03-03T00:00:00-08:00,0
2,96,2015-03-04T00:00:00-08:00,0
2,97,2015-03-05T00:00:00-08:00,0
2,98,2015-03-16T00:00:00-07:00,0
2,99,2015-03-17T00:00:00-07:00,0
2,100,2015-03-18T00:00:00-07:00,0
2,101,2015-03-19T00:00:00-07:00,0
2,102,2015-03-20T00:00:00-07:00,0
2,103,2015-03-23T00:00:00-07:00,2
2,104,2015-03-24T00:00:00-07:00,4
2,105,2015-03-25T00:00:00-07:00,0
2,106,2015-03-26T00:00:00-07:00,1
2,107,2015-03-27T00:00:00-07:00,0
2,108,2015-03-30T00:00:00-07:00,0
2,109,2015-03-31T00:00:00-07:00,0
2,110,2015-04-01T00:00:00-07:00,0
2,111,2015-04-02T00:00:00-07:00,0
2,112,2015-04-03T00:00:00-07:00,0
2,113,2015-04-06T00:00:00-07:00,0
2,114,2015-04-07T00:00:00-07:00,0
2,115,2015-04-08T00:00:00-07:00,0
2,116,2015-04-09T00:00:00-07:00,0
2,117,2015-04-10T00:00:00-07:00,0
2,118,2015-04-20T00:00:00-07:00,0
2,119,2015-04-21T00:00:00-07:00,0
2,120,2015-04-22T00:00:00-07:00,0
2,121,2015-04-23T00:00:00-07:00,0
2,122,2015-04-24T00:00:00-07:00,0
2,123,2015-04-27T00:00:00-07:00,0
2,124,2015-04-28T00:00:00-07:00,0
2,125,2015-04-29T00:00:00-07:00,0
2,126,2015-04-30T00:00:00-07:00,0
2,127,2015-05-01T00:00:00-07:00,0
2,128,2015-05-04T00:00:00-07:00,0
2,129,2015-05-05T00:00:00-07:00,0
2,130,2015-05-06T00:00:00-07:00,0
2,131,2015-05-07T00:00:00-07:00,0
2,132,2015-05-01T00:00:00-07:00,0
2,133,2015-05-11T00:00:00-07:00,1
2,134,2015-05-12T00:00:00-07:00,0
2,135,2015-05-13T00:00:00-07:00,0
2,136,2015-05-14T00:00:00-07:00,0
2,137,2015-05-15T00:00:00-07:00,0
2,138,2015-05-18T00:00:00-07:00,0
2,139,2015-05-19T00:00:00-07:00,1
2,140,2015-05-20T00:00:00-07:00,0
2,141,2015-05-21T00:00:00-07:00,0
2,142,2015-05-22T00:00:00-07:00,1
2,143,2015-06-01T00:00:00-07:00,0
2,144,2015-06-02T00:00:00-07:00,7
2,145,2015-06-03T00:00:00-07:00,0
2,146,2015-06-04T00:00:00-07:00,0
2,147,2015-06-05T00:00:00-07:00,0
2,148,2015-06-08T00:00:00-07:00,0
2,149,2015-06-09T00:00:00-07:00,0
2,150,2015-06-10T00:00:00-07:00,0
2,151,2015-06-11T00:00:00-07:00,0
2,152,2015-06-12T00:00:00-07:00,0
2,153,2015-06-15T00:00:00-07:00,0
2,154,2015-06-16T00:00:00-07:00,6
2,155,2015-06-17T00:00:00-07:00,5
2,156,2015-06-18T00:00:00-07:00,3
2,157,2015-06-19T00:00:00-07:00,3
2,158,2015-06-22T23:10:00-07:00,3
2,159,2015-06-23T00:00:00-07:00,2
2,160,2015-06-24T00:00:00-07:00,3
2,161,2015-06-25T00:00:00-07:00,0
2,162,2015-07-13T00:00:00-07:00,1
2,163,2015-07-14T00:00:00-07:00,8
2,164,2015-07-15T00:00:00-07:00,5
2,165,2015-07-16T00:00:00-07:00,20
2,166,2015-07-17T00:00:00-07:00,13
2,167,2015-07-20T00:00:00-07:00,6
2,168,2015-07-21T00:00:00-07:00,4
2,169,2015-07-22T00:00:00-07:00,7
2,170,2015-07-23T00:00:00-07:00,7
2,171,2015-07-24T00:00:00-07:00,8
2,172,2015-07-27T00:00:00-07:00,5
2,173,2015-07-28T00:00:00-07:00,7
2,174,2015-07-29T00:00:00-07:00,6
2,175,2015-07-30T00:09:00-07:00,7
2,176,2015-07-31T00:00:00-07:00,3
2,177,2015-08-03T23:32:00-07:00,8
2,178,2015-08-04T00:00:00-07:00,4
2,179,2015-08-05T00:00:00-07:00,7
2,180,2015-08-06T00:00:00-07:00,0
2,181,2015-08-07T00:00:00-07:00,5
2,182,2015-08-10T00:00:00-07:00,11
2,183,2015-08-11T00:00:00-07:00,5
2,184,2015-08-12T00:00:00-07:00,7
2,185,2015-08-13T00:00:00-07:00,0
2,186,2015-08-14T00:00:00-07:00,9
2,187,2015-08-17T00:00:00-07:00,8
2,188,2015-08-18T00:00:00-07:00,8
2,189,2015-08-19T00:00:00-07:00,3
2,190,2015-08-20T00:00:00-07:00,15
2,191,2015-08-21T00:00:00-07:00,7
2,192,2015-08-31T00:00:00-07:00,8
2,193,2015-09-01T00:00:00-07:00,8
2,194,2015-09-02T00:00:00-07:00,6
2,195,2015-09-03T00:00:00-07:00,6
2,196,2015-09-04T00:00:00-07:00,8
2,197,2015-09-08T00:00:00-07:00,8
2,198,2015-09-09T00:00:00-07:00,5
2,199,2015-09-10T00:00:00-07:00,8
2,200,2015-09-11T00:00:00-07:00,15
2,201,2015-09-14T00:00:00-07:00,4
2,202,2015-09-15T00:00:00-07:00,8
2,203,2015-09-16T00:00:00-07:00,11
2,204,2015-09-17T00:00:00-07:00,2
2,205,2015-09-18T00:00:00-07:00,1
3,1,2015-09-21T00:00:00-07:00,6
3,2,2015-09-22T00:00:00-07:00,2
3,3,2015-09-23T00:00:00-07:00,1
3,4,2015-09-24T00:00:00-07:00,3
3,5,2015-09-25T00:00:00-07:00,3
3,6,2015-09-28T00:00:00-07:00,1
3,7,2015-09-29T00:00:00-07:00,3
3,8,2015-09-30T00:00:00-07:00,10
3,9,2015-10-01T00:00:00-07:00,5
3,10,2015-10-02T00:00:00-07:00,3
3,11,2015-10-05T00:00:00-07:00,5
3,12,2015-10-06T00:00:00-07:00,6
3,13,2015-10-07T00:00:00-07:00,3
3,14,2015-10-08T00:00:00-07:00,2
3,15,2015-10-09T00:00:00-07:00,1
3,16,2015-10-12T00:00:00-07:00,0
3,17,2015-10-13T03:35:00-07:00,1
3,18,2015-10-14T00:00:00-07:00,5
3,19,2015-10-15T00:00:00-07:00,2
3,20,2015-10-16T00:00:00-07:00,0
3,21,2015-10-26T00:00:00-07:00,1
3,22,2015-10-27T00:00:00-07:00,3
3,23,2015-10-28T00:00:00-07:00,2
3,24,2015-10-29T00:00:00-07:00,1
3,25,2015-10-30T00:00:00-07:00,17
3,26,2015-11-02T00:00:00-08:00,3
3,27,2015-11-03T00:00:00-08:00,7
3,28,2015-11-04T00:00:00-08:00,3
3,29,2015-11-05T00:00:00-08:00,7
3,30,2015-11-06T00:00:00-08:00,3
3,31,2015-11-09T00:00:00-08:00,0
3,32,2015-11-10T00:00:00-08:00,18
3,33,2015-11-11T00:00:00-08:00,5
3,34,2015-11-12T00:00:00-08:00,4
3,35,2015-11-13T00:00:00-08:00,6
3,36,2015-11-16T00:00:00-08:00,3
3,37,2015-11-17T00:00:00-08:00,4
3,38,2015-11-18T00:00:00-08:00,5
3,39,2015-11-19T00:00:00-08:00,0
3,40,2015-11-20T00:00:00-08:00,2
3,41,2015-11-23T00:00:00-08:00,2
3,42,2015-11-24T00:00:00-08:00,5
3,43,2015-11-25T00:00:00-08:00,3
3,44,2015-11-26T00:00:00-08:00,0
3,45,2015-11-30T00:00:00-08:00,0
3,46,2015-12-01T00:00:00-08:00,5
3,47,2015-12-02T00:00:00-08:00,3
3,48,2015-12-03T00:00:00-08:00,0
3,49,2015-12-04T00:00:00-08:00,4
3,50,2015-12-07T00:00:00-08:00,11
3,51,2015-12-08T00:00:00-08:00,15
3,52,2015-12-09T00:00:00-08:00,4
3,53,2015-12-10T00:00:00-08:00,21
3,54,2015-12-11T00:00:00-08:00,5
3,55,2015-12-14T00:00:00-08:00,3
3,56,2015-12-15T00:00:00-08:00,9
3,57,2015-12-16T00:00:00-08:00,9
3,58,2015-12-17T00:00:00-08:00,0
3,59,2015-12-18T00:00:00-08:00,1
3,60,2016-01-04T00:00:00-08:00,2
3,61,2016-01-05T00:00:00-08:00,1
3,62,2016-01-06T00:00:00-08:00,3
3,63,2016-01-07T00:00:00-08:00,4
3,64,2016-01-08T00:00:00-08:00,4
3,65,2016-01-11T00:00:00-08:00,13
3,66,2016-01-12T00:00:00-08:00,3
3,67,2016-01-13T23:35:00-08:00,1
3,68,2016-01-14T00:00:00-08:00,5
3,69,2016-01-15T23:30:00-08:00,5
3,70,2016-01-18T23:00:00-08:00,1
3,71,2016-01-19T23:00:00-08:00,5
3,72,2016-01-20T23:00:00-08:00,13
3,73,2016-01-21T23:00:00-08:00,5
3,74,2016-01-22T23:00:00-08:00,6
3,75,2016-01-25T23:00:00-08:00,2
3,76,2016-01-26T23:00:00-08:00,7
3,77,2016-01-27T23:00:00-08:00,13
3,78,2016-02-03T23:00:00-08:00,7
3,79,2016-02-04T23:00:00-08:00,14
3,80,2016-02-05T23:00:00-08:00,3
3,81,2016-02-08T23:00:00-08:00,2
3,82,2016-02-09T00:00:00-08:00,3
3,83,2016-02-10T00:00:00-08:00,5
3,84,2016-02-11T00:00:00-08:00,6
3,84,2016-02-14T00:00:00-08:00,6
3,85,2016-02-15T00:00:00-08:00,5
3,86,2016-02-16T23:00:00-08:00,4
3,87,2016-02-17T23:00:00-08:00,5
3,88,2016-02-18T23:00:00-08:00,2
3,89,2016-02-19T23:30:00-08:00,4
3,90,2016-02-22T23:00:00-08:00,7
3,91,2016-02-23T23:01:00-08:00,2
3,92,2016-02-24T23:00:00-08:00,7
3,93,2016-02-25T23:30:00-08:00,5
3,94,2016-02-26T00:00:00-08:00,4
3,95,2016-02-29T13:30:00-08:00,7
3,96,2016-03-01T23:30:00-08:00,7
3,97,2016-03-02T00:00:00-08:00,23
3,98,2016-03-03T23:00:00-08:00,8
3,99,2016-03-04T00:00:00-08:00,8
3,100,2016-03-14T23:34:00-07:00,5
3,101,2016-03-15T00:00:00-07:00,16
3,102,2016-03-16T00:00:00-07:00,13
3,103,2016-03-17T23:00:00-07:00,6
3,104,2016-03-18T20:34:00-07:00,17
3,105,2016-03-21T23:30:00-07:00,7
3,106,2016-03-22T23:00:00-07:00,0
3,107,2016-03-23T23:00:00-07:00,4
3,108,2016-03-24T23:00:00-07:00,11
3,109,2016-03-25T23:00:00-07:00,2
3,110,2016-03-28T00:00:00-07:00,8
3,111,2016-03-29T00:00:00-07:00,4
3,112,2016-03-30T23:30:00-07:00,7
3,113,2016-03-31T23:30:00-07:00,5
3,114,2016-04-01T00:00:00-07:00,11
3,115,2016-04-04T20:35:00-07:00,3
3,116,2016-04-05T23:35:00-07:00,6
3,117,2016-04-06T20:35:00-07:00,5
3,118,2016-04-07T20:35:00-07:00,3
3,119,2016-04-08T20:35:00-07:00,5
3,120,2016-04-11T20:35:00-07:00,1
3,121,2016-04-12T20:35:00-07:00,10
3,122,2016-04-13T20:35:00-07:00,6
3,123,2016-04-14T20:35:00-07:00,12
3,124,2016-04-15T20:35:00-07:00,6
3,125,2016-04-25T20:35:00-07:00,5
3,126,2016-04-26T20:35:00-07:00,4
3,127,2016-04-27T20:35:00-07:00,4
3,128,2016-04-28T20:35:00-07:00,4
3,129,2016-04-29T20:35:00-07:00,3
3,130,2016-05-02T20:35:00-07:00,3
3,131,2016-05-03T20:35:00-07:00,6
3,132,2016-05-04T20:35:00-07:00,16
3,133,2016-05-05T20:35:00-07:00,11
3,134,2016-05-06T20:35:00-07:00,14
3,135,2016-05-09T20:35:00-07:00,9
3,136,2016-05-10T20:35:00-07:00,18
3,137,2016-05-11T20:35:00-07:00,0
3,138,2016-05-12T20:35:00-07:00,16
3,139,2016-05-13T20:35:00-07:00,4
3,140,2016-05-16T20:35:00-07:00,7
3,141,2016-05-17T20:35:00-07:00,7
3,142,2016-05-18T20:35:00-07:00,9
3,143,2016-05-19T20:35:00-07:00,5
3,144,2016-05-20T20:35:00-07:00,9
3,145,2016-05-23T20:35:00-07:00,7
3,146,2016-05-24T20:35:00-07:00,3
3,147,2016-05-25T20:35:00-07:00,0
3,148,2016-05-26T20:35:00-07:00,10
3,149,2016-05-27T20:35:00-07:00,2
3,150,2016-06-06T20:35:00-07:00,10
3,151,2016-06-07T20:35:00-07:00,9
3,152,2016-06-08T20:35:00-07:00,10
3,153,2016-06-09T20:35:00-07:00,8
3,154,2016-06-10T20:35:00-07:00,5
3,155,2016-06-13T20:35:00-07:00,0
3,156,2016-06-14T20:35:00-07:00,8
3,157,2016-06-15T20:35:00-07:00,8
3,158,2016-06-16T20:35:00-07:00,5
3,159,2016-06-17T20:35:00-07:00,0
3,160,2016-06-20T20:35:00-07:00,3
3,161,2016-06-21T20:35:00-07:00,6
3,162,2016-06-22T20:35:00-07:00,6
3,163,2016-06-23T03:35:00-07:00,7
3,164,2016-06-24T20:35:00-07:00,2
3,165,2016-07-11T20:35:00-07:00,2
3,166,2016-07-12T20:35:00-07:00,5
3,167,2016-07-13T20:35:00-07:00,5
3,168,2016-07-14T20:35:00-07:00,6
3,169,2016-07-15T20:35:00-07:00,2
3,170,2016-07-18T20:35:00-07:00,10
3,171,2016-07-19T20:35:00-07:00,10
3,172,2016-07-20T20:35:00-07:00,9
3,173,2016-07-21T20:35:00-07:00,12
3,174,2016-07-22T20:35:00-07:00,4
3,175,2016-07-25T20:35:00-07:00,2
3,176,2016-07-26T20:35:00-07:00,5
3,177,2016-07-27T20:35:00-07:00,13
3,178,2016-07-28T20:35:00-07:00,4
3,179,2016-07-29T20:35:00-07:00,6
3,180,2016-08-01T20:35:00-07:00,5
3,181,2016-08-02T20:35:00-07:00,7
3,182,2016-08-03T20:35:00-07:00,6
3,183,2016-08-04T20:35:00-07:00,12
3,184,2016-08-05T20:35:00-07:00,6
3,185,2016-08-22T20:30:00-07:00,6
3,186,2016-08-23T20:30:00-07:00,9
3,187,2016-08-24T20:30:00-07:00,3
3,188,2016-08-25T20:30:00-07:00,6
3,189,2016-08-26T20:30:00-07:00,7
3,190,2016-08-29T20:30:00-07:00,10
3,191,2016-08-30T20:30:00-07:00,4
3,192,2016-08-31T20:30:00-07:00,6
3,193,2016-09-01T20:30:00-07:00,3
3,194,2016-09-02T20:30:00-07:00,9
3,195,2016-09-06T20:35:00-07:00,7
3,196,2016-09-07T20:34:00-07:00,2
3,197,2016-09-08T20:35:00-07:00,2
3,198,2016-09-09T20:35:00-07:00,5
3,199,2016-09-12T20:35:00-07:00,11
3,200,2016-09-13T20:35:00-07:00,12
3,201,2016-09-14T20:35:00-07:00,12
3,202,2016-09-15T20:35:00-07:00,22
3,203,2016-09-16T20:35:00-07:00,8
4,1,2016-09-19T20:35:00-07:00,9
4,2,2016-09-20T20:35:00-07:00,11
4,3,2016-09-21T20:35:00-07:00,7
4,4,2016-09-22T20:35:00-07:00,4
4,5,2016-09-23T20:35:00-07:00,8
4,6,2016-09-26T20:35:00-07:00,8
4,7,2016-09-27T20:35:00-07:00,8
4,8,2016-09-28T20:35:00-07:00,4
4,9,2016-09-29T20:35:00-07:00,9
4,10,2016-09-30T20:35:00-07:00,12
4,11,2016-10-03T20:35:00-07:00,7
4,12,2016-10-04T20:35:00-07:00,3
4,13,2016-10-05T20:35:00-07:00,8
4,14,2016-10-06T20:35:00-07:00,11
4,15,2016-10-07T20:35:00-07:00,12
4,16,2016-10-10T20:35:00-07:00,11
4,17,2016-10-11T20:34:00-07:00,3
4,18,2016-10-12T20:35:00-07:00,10
4,19,2016-10-13T20:35:00-07:00,8
4,20,2016-10-14T20:35:00-07:00,10
4,21,2016-10-24T20:35:00-07:00,3
4,22,2016-10-25T20:35:00-07:00,8
4,23,2016-10-26T20:35:00-07:00,3
4,24,2016-10-27T20:35:00-07:00,7
4,25,2016-10-28T20:35:00-07:00,7
4,26,2016-10-31T20:35:00-07:00,10
4,27,2016-11-01T20:35:00-07:00,6
4,28,2016-11-02T20:35:00-07:00,5
4,29,2016-11-03T20:35:00-07:00,8
4,30,2016-11-04T20:35:00-07:00,8
4,31,2016-11-07T20:35:00-08:00,8
4,32,2016-11-09T20:35:00-08:00,8
4,33,2016-11-10T20:35:00-08:00,15
4,34,2016-11-11T20:35:00-08:00,13
4,35,2016-11-14T20:35:00-08:00,9
4,36,2016-11-15T20:35:00-08:00,15
4,37,2016-11-16T20:35:00-08:00,18
4,38,2016-11-17T20:35:00-08:00,4
4,39,2016-11-18T20:35:00-08:00,15
4,40,2016-11-21T20:35:00-08:00,11
4,41,2016-11-22T20:35:00-08:00,10
4,42,2016-11-23T20:35:00-08:00,4
4,43,2016-11-24T20:35:00-08:00,3
4,44,2016-11-28T20:35:00-08:00,10
4,45,2016-11-29T20:35:00-08:00,10
4,46,2016-11-30T20:35:00-08:00,10
4,47,2016-12-01T20:35:00-08:00,2
4,48,2016-12-02T20:35:00-08:00,8
4,49,2016-12-05T20:35:00-08:00,10
4,50,2016-12-06T20:35:00-08:00,3
4,51,2016-12-07T20:35:00-08:00,7
4,52,2016-12-08T20:35:00-08:00,4
4,53,2016-12-09T20:35:00-08:00,7
4,54,2016-12-12T20:34:00-08:00,4
4,55,2016-12-13T20:35:00-08:00,6
4,56,2016-12-14T20:35:00-08:00,4
4,57,2016-12-15T20:35:00-08:00,5
4,58,2016-12-16T20:35:00-08:00,6
4,59,2016-12-19T20:35:00-08:00,4
4,60,2016-12-20T20:35:00-08:00,9
4,61,2016-12-21T20:35:00-08:00,5
4,62,2016-12-22T20:35:00-08:00,7
4,63,2016-12-23T20:35:00-08:00,0
4,64,2017-01-10T20:35:00-08:00,6
4,65,2017-01-11T20:35:00-08:00,10
4,66,2017-01-12T20:35:00-08:00,7
4,67,2017-01-13T20:35:00-08:00,10
4,68,2017-01-16T20:35:00-08:00,5
4,69,2017-01-17T20:35:00-08:00,10
4,70,2017-01-18T20:35:00-08:00,6
4,71,2017-01-19T20:35:00-08:00,8
4,72,2017-01-20T20:35:00-08:00,18
4,73,2017-01-23T20:35:00-08:00,18
4,74,2017-01-24T20:35:00-08:00,6
4,75,2017-01-25T20:35:00-08:00,9
4,76,2017-01-26T20:34:00-08:00,18
4,77,2017-01-27T20:35:00-08:00,10
4,78,2017-01-30T20:35:00-08:00,12
4,79,2017-01-31T20:35:00-08:00,12
4,80,2017-02-01T20:35:00-08:00,7
4,81,2017-02-02T20:35:00-08:00,13
4,82,2017-02-03T20:35:00-08:00,3
4,83,2017-02-06T20:35:00-08:00,3
4,84,2017-02-07T20:35:00-08:00,6
4,85,2017-02-08T20:35:00-08:00,11
4,86,2017-02-09T20:35:00-08:00,8
4,87,2017-02-10T20:35:00-08:00,10
4,88,2017-02-13T20:35:00-08:00,6
4,89,2017-02-14T20:35:00-08:00,0
4,90,2017-02-15T20:35:00-08:00,4
4,91,2017-02-16T20:35:00-08:00,8
4,92,2017-02-17T20:35:00-08:00,18
4,93,2017-02-21T20:35:00-08:00,16
4,94,2017-02-22T20:35:00-08:00,8
4,95,2017-02-23T20:35:00-08:00,15
4,96,2017-02-24T20:35:00-08:00,12
4,97,2017-02-27T20:34:00-08:00,2
4,98,2017-02-28T20:35:00-08:00,10
4,99,2017-03-01T20:35:00-08:00,12
4,100,2017-03-02T20:35:00-08:00,7
4,101,2017-03-03T20:35:00-08:00,5
4,102,2017-03-13T20:59:00-07:00,2
4,103,2017-03-14T20:35:00-07:00,1
4,104,2017-03-15T20:35:00-07:00,15
4,105,2017-03-16T20:34:00-07:00,9
4,106,2017-03-17T20:35:00-07:00,11
4,107,2017-03-20T20:35:00-07:00,14
4,108,2017-03-21T20:35:00-07:00,7
4,109,2017-03-22T20:35:00-07:00,9
4,110,2017-03-23T20:35:00-07:00,6
4,111,2017-03-24T20:35:00-07:00,11
4,112,2017-03-27T20:35:00-07:00,9
4,113,2017-03-28T20:35:00-07:00,16
4,114,2017-03-29T20:35:00-07:00,3
4,115,2017-03-30T20:35:00-07:00,8
4,116,2017-04-03T20:35:00-07:00,0
4,117,2017-04-04T20:35:00-07:00,3
4,118,2017-04-05T20:35:00-07:00,8
4,119,2017-04-06T20:35:00-07:00,8
4,120,2017-04-17T20:35:00-07:00,8
4,121,2017-04-18T20:35:00-07:00,8
4,122,2017-04-19T20:35:00-07:00,8
4,123,2017-04-20T20:35:00-07:00,8
4,124,2017-04-21T20:35:00-07:00,8
4,125,2017-04-24T20:35:00-07:00,8
4,126,2017-04-25T20:35:00-07:00,8
4,127,2017-04-26T20:35:00-07:00,8
4,128,2017-04-27T20:35:00-07:00,8
4,129,2017-04-28T20:35:00-07:00,8
4,130,2017-05-01T20:34:00-07:00,8
4,131,2017-05-02T20:35:00-07:00,8
4,132,2017-05-03T20:35:00-07:00,8
4,133,2017-05-04T20:35:00-07:00,8
4,134,2017-05-05T20:35:00-07:00,8
4,135,2017-05-08T20:35:00-07:00,8
4,136,2017-05-09T20:35:00-07:00,8
4,137,2017-05-10T20:35:00-07:00,8
4,138,2017-05-11T20:35:00-07:00,8
4,139,2017-05-12T20:35:00-07:00,8
4,140,2017-05-15T20:35:00-07:00,8
4,141,2017-05-16T20:35:00-07:00,8
4,142,2017-05-17T20:35:00-07:00,8
4,143,2017-05-18T20:35:00-07:00,8
4,144,2017-05-19T20:35:00-07:00,8
4,145,2017-05-22T20:35:00-07:00,8
4,146,2017-05-23T20:35:00-07:00,8
4,147,2017-05-24T20:35:00-07:00,8
4,148,2017-05-25T20:35:00-07:00,8
4,149,2017-05-26T20:35:00-07:00,8
4,150,2017-06-05T20:35:00-07:00,8
4,151,2017-06-06T20:35:00-07:00,8
4,152,2017-06-07T20:35:00-07:00,8
4,153,2017-06-08T20:35:00-07:00,8
4,154,2017-06-09T20:35:00-07:00,8
4,155,2017-06-12T20:35:00-07:00,8
4,156,2017-06-13T20:35:00-07:00,8
4,157,2017-06-14T20:35:00-07:00,8
4,158,2017-06-15T20:35:00-07:00,8
4,159,2017-06-16T20:35:00-07:00,8
4,160,2017-06-19T20:35:00-07:00,8
4,161,2017-06-20T20:35:00-07:00,8
4,162,2017-06-21T20:35:00-07:00,8
4,163,2017-06-22T20:35:00-07:00,8
4,164,2017-06-23T03:35:00-07:00,8
4,165,2017-06-26T20:35:00-07:00,8
4,166,2017-06-27T20:35:00-07:00,8
4,167,2017-06-28T20:35:00-07:00,8
4,168,2017-06-29T20:35:00-07:00,8
4,169,2017-06-30T20:35:00-07:00,8
4,170,2017-07-17T20:35:00-07:00,8
4,171,2017-07-18T20:35:00-07:00,8
4,172,2017-07-19T20:35:00-07:00,8
4,173,2017-07-20T20:35:00-07:00,8
4,174,2017-07-21T20:35:00-07:00,8
4,175,2017-07-24T20:35:00-07:00,8
4,176,2017-07-25T20:35:00-07:00,8
4,177,2017-07-26T20:35:00-07:00,8
4,178,2017-07-27T20:35:00-07:00,8
4,179,2017-07-28T20:35:00-07:00,8
4,180,2017-07-31T20:35:00-07:00,8
4,181,2017-08-01T20:35:00-07:00,8
4,182,2017-08-02T20:35:00-07:00,8
4,183,2017-08-03T20:35:00-07:00,8
4,184,2017-08-04T20:35:00-07:00,8
4,185,2017-08-07T20:35:00-07:00,8
4,186,2017-08-08T20:35:00-07:00,8
4,187,2017-08-09T20:35:00-07:00,8
4,188,2017-08-10T20:35:00-07:00,8
4,189,2017-08-11T20:35:00-07:00,8
4,190,2017-08-14T20:35:00-07:00,8
4,191,2017-08-15T20:35:00-07:00,8
4,192,2017-08-16T20:35:00-07:00,8
4,193,2017-08-17T20:35:00-07:00,8
4,194,2017-08-18T20:35:00-07:00,8
4,195,2017-09-05T20:35:00-07:00,8
4,196,2017-09-06T20:35:00-07:00,8
4,197,2017-09-07T20:35:00-07:00,8
4,198,2017-09-08T20:34:00-07:00,8
4,199,2017-09-11T20:35:00-07:00,8
4,200,2017-09-12T20:35:00-07:00,8
4,201,2017-09-13T20:35:00-07:00,8
4,202,2017-09-14T20:35:00-07:00,8
4,203,2017-09-15T20:35:00-07:00,8
4,204,2017-09-18T20:35:00-07:00,8
4,205,2017-09-19T20:35:00-07:00,8
4,206,2017-09-20T20:35:00-07:00,8
4,207,2017-09-21T20:35:00-07:00,8
4,208,2017-09-22T20:35:00-07:00,8
5,1,2017-09-25T20:35:00-07:00,8
5,2,2017-09-26T20:35:00-07:00,8
5,3,2017-09-27T20:35:00-07:00,8
5,4,2017-09-28T20:35:00-07:00,8
5,5,2017-09-29T20:35:00-07:00,8
5,6,2017-10-02T20:35:00-07:00,8
5,7,2017-10-03T20:35:00-07:00,8
5,8,2017-10-04T20:35:00-07:00,8
5,9,2017-10-05T20:35:00-07:00,8
5,10,2017-10-06T20:35:00-07:00,8
5,11,2017-10-09T20:35:00-07:00,8
5,12,2017-10-10T20:35:00-07:00,8
5,13,2017-10-11T20:35:00-07:00,8
5,14,2017-10-12T20:35:00-07:00,8
5,15,2017-10-13T20:35:00-07:00,8
5,16,2017-10-23T20:35:00-07:00,8
5,17,2017-10-24T20:35:00-07:00,8
5,18,2017-10-25T20:35:00-07:00,8
5,19,2017-10-26T20:35:00-07:00,8
5,20,2017-10-27T20:35:00-07:00,8
5,21,2017-10-30T20:35:00-07:00,8
5,22,2017-10-31T20:35:00-07:00,8
5,23,2017-11-01T20:35:00-07:00,8
5,24,2017-11-02T20:35:00-07:00,8
5,25,2017-11-13T20:35:00-08:00,8
5,26,2017-11-14T20:35:00-08:00,8
5,27,2017-11-15T20:35:00-08:00,8
5,28,2017-11-16T20:35:00-08:00,8
5,29,2017-11-17T20:35:00-08:00,8
5,30,2017-11-20T21:35:00-08:00,8
5,31,2017-11-21T20:35:00-08:00,8
5,32,2017-11-22T20:35:00-08:00,8
5,33,2017-11-23T20:35:00-08:00,8
5,34,2017-11-27T20:35:00-08:00,8
5,35,2017-11-28T20:35:00-08:00,8
5,36,2017-11-29T20:35:00-08:00,8
5,37,2017-11-30T20:35:00-08:00,8
5,38,2017-12-01T21:35:00-08:00,8
5,39,2017-12-04T09:00:00-08:00,8
5,40,2017-12-05T09:00:00-08:00,8
5,41,2017-12-06T09:00:00-08:00,8
5,42,2017-12-07T09:00:00-08:00,8
5,43,2017-12-08T09:00:00-08:00,8
5,44,2017-12-11T20:35:00-08:00,8
5,45,2017-12-12T20:35:00-08:00,8
5,46,2017-12-13T20:35:00-08:00,8
5,47,2017-12-14T21:35:00-08:00,8
5,48,2017-12-15T21:35:00-08:00,8
5,49,2017-12-18T09:00:00-08:00,8
5,50,2017-12-19T20:35:00-08:00,8
5,51,2017-12-20T20:35:00-08:00,8
5,52,2017-12-21T21:35:00-08:00,8
5,53,2017-12-22T09:00:00-08:00,8
